[
  {
    "model": "tours.country",
    "pk": 1,
    "fields": {
      "name": "Россия"
    }
  },
  {
    "model": "tours.country",
    "pk": 2,
    "fields": {
      "name": "Италия"
    }
  },
  {
    "model": "tours.country",
    "pk": 3,
    "fields": {
      "name": "Япония"
    }
  },
  {
    "model": "tours.country",
    "pk": 4,
    "fields": {
      "name": "Бразилия"
    }
  },
  {
    "model": "tours.country",
    "pk": 5,
    "fields": {
      "name": "Египет"
    }
  },
  {
    "model": "tours.country",
    "pk": 6,
    "fields": {
      "name": "Франция"
    }
  },
  {
    "model": "tours.country",
    "pk": 7,
    "fields": {
      "name": "Испания"
    }
  },
  {
    "model": "tours.country",
    "pk": 8,
    "fields": {
      "name": "Греция"
    }
  },
  {
    "model": "tours.country",
    "pk": 9,
    "fields": {
      "name": "Таиланд"
    }
  },
  {
    "model": "tours.country",
    "pk": 10,
    "fields": {
      "name": "Турция"
    }
  },
  {
    "model": "tours.country",
    "pk": 11,
    "fields": {
      "name": "США"
    }
  },
  {
    "model": "tours.country",
    "pk": 12,
    "fields": {
      "name": "Китай"
    }
  },
  {
    "model": "tours.country",
    "pk": 13,
    "fields": {
      "name": "Индия"
    }
  },
  {
    "model": "tours.country",
    "pk": 14,
    "fields": {
      "name": "Австралия"
    }
  },
  {
    "model": "tours.country",
    "pk": 15,
    "fields": {
      "name": "Германия"
    }
  },
  {
    "model": "tours.country",
    "pk": 16,
    "fields": {
      "name": "Великобритания"
    }
  },
  {
    "model": "tours.country",
    "pk": 17,
    "fields": {
      "name": "Канада"
    }
  },
  {
    "model": "tours.country",
    "pk": 18,
    "fields": {
      "name": "Мексика"
    }
  },
  {
    "model": "tours.country",
    "pk": 19,
    "fields": {
      "name": "Аргентина"
    }
  },
  {
    "model": "tours.country",
    "pk": 20,
    "fields": {
      "name": "ЮАР"
    }
  },
  {
    "model": "tours.touragency",
    "pk": 1,
    "fields": {
      "name": "Путешествие Мечты",
      "phone": "+7(495)123-45-67",
      "email": "info@dreamtravel.ru"
    }
  },
  {
    "model": "tours.touragency",
    "pk": 2,
    "fields": {
      "name": "Глобус Трэвел",
      "phone": "+7(495)987-65-43",
      "email": "contact@globustravel.com"
    }
  },
  {
    "model": "tours.touragency",
    "pk": 3,
    "fields": {
      "name": "Мир Путешествий",
      "phone": "+7(495)555-77-88",
      "email": "info@worldtravel.ru"
    }
  },
  {
    "model": "tours.touragency",
    "pk": 4,
    "fields": {
      "name": "Планета Туров",
      "phone": "+7(495)222-33-44",
      "email": "info@planetatours.ru"
    }
  },
  {
    "model": "tours.touragency",
    "pk": 5,
    "fields": {
      "name": "Экспресс Тур",
      "phone": "+7(495)111-22-33",
      "email": "contact@expresstour.ru"
    }
  },
  {
    "model": "tours.touragency",
    "pk": 6,
    "fields": {
      "name": "Вокруг Света",
      "phone": "+7(495)444-55-66",
      "email": "info@aroundtheworld.ru"
    }
  },
  {
    "model": "tours.touragency",
    "pk": 7,
    "fields": {
      "name": "Золотой Компас",
      "phone": "+7(495)777-88-99",
      "email": "info@goldencompass.ru"
    }
  },
  {
    "model": "tours.touragency",
    "pk": 8,
    "fields": {
      "name": "Континенталь",
      "phone": "+7(495)333-44-55",
      "email": "contact@continental.ru"
    }
  },
  {
    "model": "tours.tour",
    "pk": 1,
    "fields": {
      "name": "Золотое кольцо России",
      "agency": 1,
      "country": 1,
      "description": "Уникальное путешествие по древним городам России, включая Сергиев Посад, Переславль-Залесский, Ростов Великий и другие жемчужины Золотого кольца.",
      "start_date": "2026-05-10",
      "end_date": "2026-05-20",
      "price": "45000.00",
      "payment_conditions": "Предоплата 30% при бронировании, остальная часть за 2 недели до тура."
    }
  },
  {
    "model": "tours.tour",
    "pk": 2,
    "fields": {
      "name": "Романтическая Италия",
      "agency": 2,
      "country": 2,
      "description": "Путешествие по Италии с посещением Рима, Флоренции, Венеции и других городов. Включает романтические ужины и экскурсии.",
      "start_date": "2026-06-15",
      "end_date": "2026-06-25",
      "price": "120000.00",
      "payment_conditions": "Предоплата 50% при бронировании, остальная часть за 3 недели до тура."
    }
  },
  {
    "model": "tours.tour",
    "pk": 3,
    "fields": {
      "name": "Великолепная Япония",
      "agency": 1,
      "country": 3,
      "description": "Комплексный тур по Японии с посещением Токио, Киото, Осаки и других городов. Включает традиционные чайные церемонии и посещение храмов.",
      "start_date": "2026-09-01",
      "end_date": "2026-09-15",
      "price": "180000.00",
      "payment_conditions": "Предоплата 40% при бронировании, остальная часть за 1 месяц до тура."
    }
  },
  {
    "model": "tours.tour",
    "pk": 4,
    "fields": {
      "name": "Экзотическая Бразилия",
      "agency": 2,
      "country": 4,
      "description": "Приключение в Бразилии с посещением Рио-де-Жанейро, Сан-Паулу, водопада Игуасу и Амазонии. Включает сафари и экскурсии.",
      "start_date": "2026-07-20",
      "end_date": "2026-08-05",
      "price": "150000.00",
      "payment_conditions": "Предоплата 35% при бронировании, остальная часть за 3 недели до тура."
    }
  },
  {
    "model": "tours.tour",
    "pk": 5,
    "fields": {
      "name": "Тайны древнего Египта",
      "agency": 1,
      "country": 5,
      "description": "Путешествие по Египту с посещением Каира, Луксора, Асуана и Гизы. Включает посещение пирамид, храмов и музеев.",
      "start_date": "2026-10-10",
      "end_date": "2026-10-20",
      "price": "130000.00",
      "payment_conditions": "Предоплата 45% при бронировании, остальная часть за 2 недели до тура."
    }
  },
  {
    "model": "tours.tour",
    "pk": 6,
    "fields": {
      "name": "Париж - город любви",
      "agency": 3,
      "country": 6,
      "description": "Романтическое путешествие в столицу Франции. Посещение Эйфелевой башни, Лувра, Монмартра и других знаменитых мест. Круиз по Сене и дегустация французских вин.",
      "start_date": "2026-02-14",
      "end_date": "2026-02-21",
      "price": "95000.00",
      "payment_conditions": "Предоплата 40% при бронировании, остальная часть за 3 недели до тура."
    }
  },
  {
    "model": "tours.tour",
    "pk": 7,
    "fields": {
      "name": "Солнечная Барселона",
      "agency": 2,
      "country": 7,
      "description": "Отдых на побережье Коста Брава и экскурсии по Барселоне. Посещение архитектурных шедевров Гауди, прогулки по Готическому кварталу и дегустация тапас.",
      "start_date": "2026-06-01",
      "end_date": "2026-06-10",
      "price": "85000.00",
      "payment_conditions": "Предоплата 30% при бронировании, остальная часть за 2 недели до тура."
    }
  },
  {
    "model": "tours.tour",
    "pk": 8,
    "fields": {
      "name": "Греческие каникулы",
      "agency": 3,
      "country": 8,
      "description": "Отдых на островах Греции с посещением Афин, Санторини и Крита. Включает морские прогулки, посещение древних руин и традиционные греческие вечера.",
      "start_date": "2026-07-05",
      "end_date": "2026-07-19",
      "price": "110000.00",
      "payment_conditions": "Предоплата 35% при бронировании, остальная часть за 1 месяц до тура."
    }
  },
  {
    "model": "tours.tour",
    "pk": 9,
    "fields": {
      "name": "Экзотический Таиланд",
      "agency": 1,
      "country": 9,
      "description": "Отдых на пляжах Пхукета и экскурсии по Бангкоку. Включает посещение храмов, плавучих рынков и шоу слонов.",
      "start_date": "2026-11-15",
      "end_date": "2026-11-29",
      "price": "125000.00",
      "payment_conditions": "Предоплата 50% при бронировании, остальная часть за 2 недели до тура."
    }
  },
  {
    "model": "tours.tour",
    "pk": 10,
    "fields": {
      "name": "Турецкая ривьера",
      "agency": 2,
      "country": 10,
      "description": "Отдых на курортах Анталии с системой 'все включено'. Включает экскурсии в Памуккале, древний город Эфес и прогулки на яхте.",
      "start_date": "2026-08-10",
      "end_date": "2026-08-24",
      "price": "90000.00",
      "payment_conditions": "Предоплата 30% при бронировании, остальная часть за 3 недели до тура."
    }
  },
  {
    "model": "tours.tour",
    "pk": 11,
    "fields": {
      "name": "Байкальские просторы",
      "agency": 3,
      "country": 1,
      "description": "Экологический тур на озеро Байкал. Включает круиз по озеру, посещение острова Ольхон, пешие походы и знакомство с местной культурой.",
      "start_date": "2026-07-15",
      "end_date": "2026-07-25",
      "price": "75000.00",
      "payment_conditions": "Предоплата 40% при бронировании, остальная часть за 1 месяц до тура."
    }
  },
  {
    "model": "tours.tour",
    "pk": 12,
    "fields": {
      "name": "Сицилийская мозаика",
      "agency": 1,
      "country": 2,
      "description": "Путешествие по Сицилии с посещением Палермо, Таормины и Агридженто. Включает дегустацию местных вин и кулинарные мастер-классы.",
      "start_date": "2026-09-20",
      "end_date": "2026-09-30",
      "price": "105000.00",
      "payment_conditions": "Предоплата 35% при бронировании, остальная часть за 2 недели до тура."
    }
  },
  {
    "model": "tours.tour",
    "pk": 13,
    "fields": {
      "name": "Нью-Йорк - город небоскребов",
      "agency": 4,
      "country": 11,
      "description": "Экскурсионный тур по Нью-Йорку с посещением Статуи Свободы, Эмпайр-стейт-билдинг, Таймс-сквер и Центрального парка. Включает бродвейское шоу и круиз вокруг Манхэттена.",
      "start_date": "2026-04-05",
      "end_date": "2026-04-12",
      "price": "160000.00",
      "payment_conditions": "Предоплата 50% при бронировании, остальная часть за 1 месяц до тура."
    }
  },
  {
    "model": "tours.tour",
    "pk": 14,
    "fields": {
      "name": "Великая Китайская стена",
      "agency": 5,
      "country": 12,
      "description": "Тур по Китаю с посещением Пекина, Шанхая и Сианя. Включает экскурсию на Великую Китайскую стену, посещение Запретного города и Терракотовой армии.",
      "start_date": "2026-05-15",
      "end_date": "2026-05-29",
      "price": "145000.00",
      "payment_conditions": "Предоплата 40% при бронировании, остальная часть за 2 месяца до тура."
    }
  },
  {
    "model": "tours.tour",
    "pk": 15,
    "fields": {
      "name": "Индийские сокровища",
      "agency": 6,
      "country": 13,
      "description": "Путешествие по Золотому треугольнику Индии: Дели, Агра, Джайпур. Включает посещение Тадж-Махала, Красного форта и дворца ветров.",
      "start_date": "2026-10-05",
      "end_date": "2026-10-15",
      "price": "130000.00",
      "payment_conditions": "Предоплата 30% при бронировании, остальная часть за 2 недели до тура."
    }
  },
  {
    "model": "tours.tour",
    "pk": 16,
    "fields": {
      "name": "Австралийская одиссея",
      "agency": 7,
      "country": 14,
      "description": "Тур по Австралии с посещением Сиднея, Мельбурна и Большого Барьерного рифа. Включает экскурсию в Сиднейский оперный театр, наблюдение за кенгуру и коалами в дикой природе.",
      "start_date": "2026-02-10",
      "end_date": "2026-02-24",
      "price": "220000.00",
      "payment_conditions": "Предоплата 50% при бронировании, остальная часть за 2 месяца до тура."
    }
  },
  {
    "model": "tours.tour",
    "pk": 17,
    "fields": {
      "name": "Баварские замки",
      "agency": 8,
      "country": 15,
      "description": "Тур по замкам Баварии с посещением Нойшванштайна, Линдерхофа и Херренкимзее. Включает дегустацию баварского пива и традиционной кухни.",
      "start_date": "2026-06-20",
      "end_date": "2026-06-27",
      "price": "95000.00",
      "payment_conditions": "Предоплата 35% при бронировании, остальная часть за 1 месяц до тура."
    }
  },
  {
    "model": "tours.tour",
    "pk": 18,
    "fields": {
      "name": "Лондонские каникулы",
      "agency": 4,
      "country": 16,
      "description": "Экскурсионный тур по Лондону с посещением Букингемского дворца, Тауэра, Британского музея и Вестминстерского аббатства. Включает круиз по Темзе и посещение театра.",
      "start_date": "2026-07-10",
      "end_date": "2026-07-17",
      "price": "110000.00",
      "payment_conditions": "Предоплата 40% при бронировании, остальная часть за 3 недели до тура."
    }
  },
  {
    "model": "tours.tour",
    "pk": 19,
    "fields": {
      "name": "Канадские Скалистые горы",
      "agency": 5,
      "country": 17,
      "description": "Тур по национальным паркам Канады: Банф, Джаспер и Йохо. Включает пешие походы, наблюдение за дикой природой и посещение озера Луиза.",
      "start_date": "2026-08-15",
      "end_date": "2026-08-25",
      "price": "170000.00",
      "payment_conditions": "Предоплата 45% при бронировании, остальная часть за 2 месяца до тура."
    }
  },
  {
    "model": "tours.tour",
    "pk": 20,
    "fields": {
      "name": "Мексиканская фиеста",
      "agency": 6,
      "country": 18,
      "description": "Тур по Мексике с посещением Мехико, Канкуна и древних городов майя. Включает отдых на пляжах Карибского моря, посещение пирамид Теотиуакана и Чичен-Ицы.",
      "start_date": "2026-11-01",
      "end_date": "2026-11-15",
      "price": "140000.00",
      "payment_conditions": "Предоплата 30% при бронировании, остальная часть за 1 месяц до тура."
    }
  },
  {
    "model": "tours.tour",
    "pk": 21,
    "fields": {
      "name": "Аргентинское танго",
      "agency": 7,
      "country": 19,
      "description": "Тур по Аргентине с посещением Буэнос-Айреса, водопадов Игуасу и Патагонии. Включает уроки танго, дегустацию аргентинских вин и стейков.",
      "start_date": "2026-03-10",
      "end_date": "2026-03-24",
      "price": "160000.00",
      "payment_conditions": "Предоплата 40% при бронировании, остальная часть за 2 месяца до тура."
    }
  },
  {
    "model": "tours.tour",
    "pk": 22,
    "fields": {
      "name": "Сафари в ЮАР",
      "agency": 8,
      "country": 20,
      "description": "Сафари-тур по национальным паркам ЮАР с посещением Кейптауна и Йоханнесбурга. Включает наблюдение за большой пятеркой африканских животных, посещение Столовой горы и мыса Доброй Надежды.",
      "start_date": "2026-09-15",
      "end_date": "2026-09-29",
      "price": "190000.00",
      "payment_conditions": "Предоплата 50% при бронировании, остальная часть за 2 месяца до тура."
    }
  },
  {
    "model": "tours.tour",
    "pk": 23,
    "fields": {
      "name": "Карелия - край озер",
      "agency": 1,
      "country": 1,
      "description": "Экологический тур по Карелии с посещением Кижей, Валаама и водопада Кивач. Включает сплав по рекам, рыбалку и посещение традиционных деревень.",
      "start_date": "2026-06-25",
      "end_date": "2026-07-05",
      "price": "65000.00",
      "payment_conditions": "Предоплата 30% при бронировании, остальная часть за 2 недели до тура."
    }
  },
  {
    "model": "tours.tour",
    "pk": 24,
    "fields": {
      "name": "Тосканские холмы",
      "agency": 2,
      "country": 2,
      "description": "Гастрономический тур по Тоскане с посещением Флоренции, Сиены и Сан-Джиминьяно. Включает дегустацию вин, оливкового масла и кулинарные мастер-классы.",
      "start_date": "2026-05-20",
      "end_date": "2026-05-30",
      "price": "115000.00",
      "payment_conditions": "Предоплата 40% при бронировании, остальная часть за 1 месяц до тура."
    }
  },
  {
    "model": "tours.tour",
    "pk": 25,
    "fields": {
      "name": "Хоккайдо - северная жемчужина",
      "agency": 3,
      "country": 3,
      "description": "Тур по острову Хоккайдо с посещением Саппоро, Отару и национального парка Сикоцу-Тоя. Включает посещение горячих источников, катание на лыжах и дегустацию морепродуктов.",
      "start_date": "2026-01-15",
      "end_date": "2026-01-25",
      "price": "165000.00",
      "payment_conditions": "Предоплата 45% при бронировании, остальная часть за 2 месяца до тура."
    }
  },
  {
    "model": "tours.tour",
    "pk": 26,
    "fields": {
      "name": "Амазонские приключения",
      "agency": 4,
      "country": 4,
      "description": "Экспедиция в джунгли Амазонии с проживанием в экологических лоджах. Включает наблюдение за дикой природой, посещение племен индейцев и рыбалку на пираний.",
      "start_date": "2026-04-10",
      "end_date": "2026-04-20",
      "price": "175000.00",
      "payment_conditions": "Предоплата 50% при бронировании, остальная часть за 2 месяца до тура."
    }
  },
  {
    "model": "tours.tour",
    "pk": 27,
    "fields": {
      "name": "Красное море и пустыня",
      "agency": 5,
      "country": 5,
      "description": "Комбинированный тур с отдыхом на Красном море и экскурсиями в пустыню. Включает дайвинг, сафари на джипах и ночевку в бедуинском лагере.",
      "start_date": "2026-03-01",
      "end_date": "2026-03-10",
      "price": "95000.00",
      "payment_conditions": "Предоплата 35% при бронировании, остальная часть за 1 месяц до тура."
    }
  },
  {
    "model": "tours.tour",
    "pk": 28,
    "fields": {
      "name": "Прованс и Лазурный берег",
      "agency": 6,
      "country": 6,
      "description": "Тур по югу Франции с посещением Ниццы, Канн, Монако и лавандовых полей Прованса. Включает дегустацию вин, сыров и прованских трав.",
      "start_date": "2026-07-01",
      "end_date": "2026-07-10",
      "price": "130000.00",
      "payment_conditions": "Предоплата 40% при бронировании, остальная часть за 1 месяц до тура."
    }
  },
  {
    "model": "tours.tour",
    "pk": 29,
    "fields": {
      "name": "Андалусия - душа Испании",
      "agency": 7,
      "country": 7,
      "description": "Тур по югу Испании с посещением Севильи, Гранады, Кордовы и Малаги. Включает посещение Альгамбры, шоу фламенко и дегустацию хереса.",
      "start_date": "2026-09-10",
      "end_date": "2026-09-20",
      "price": "105000.00",
      "payment_conditions": "Предоплата 35% при бронировании, остальная часть за 3 недели до тура."
    }
  },
  {
    "model": "tours.tour",
    "pk": 30,
    "fields": {
      "name": "Пелопоннес - колыбель цивилизации",
      "agency": 8,
      "country": 8,
      "description": "Тур по полуострову Пелопоннес с посещением Микен, Эпидавра, Олимпии и Нафплиона. Включает посещение древних театров, храмов и крепостей.",
      "start_date": "2026-05-05",
      "end_date": "2026-05-15",
      "price": "100000.00",
      "payment_conditions": "Предоплата 30% при бронировании, остальная часть за 1 месяц до тура."
    }
  }
]