[
  {
    "model": "auth.user",
    "pk": 1,
    "fields": {
      "password": "pbkdf2_sha256$600000$testpassword123$hashhere/butdjangowillcreateit",
      "last_login": null,
      "is_superuser": true,
      "username": "admin",
      "first_name": "",
      "last_name": "",
      "email": "admin@example.com",
      "is_staff": true,
      "is_active": true,
      "date_joined": "2024-01-01T00:00:00Z",
      "groups": [],
      "user_permissions": []
    }
  },
  {
    "model": "auth.user",
    "pk": 2,
    "fields": {
      "password": "pbkdf2_sha256$600000$testpass$anotherhashhere",
      "last_login": null,
      "is_superuser": false,
      "username": "testuser",
      "first_name": "Иван",
      "last_name": "Иванов",
      "email": "test@example.com",
      "is_staff": false,
      "is_active": true,
      "date_joined": "2024-01-01T00:00:00Z",
      "groups": [],
      "user_permissions": []
    }
  },
  {
    "model": "authtoken.token",
    "pk": 1,
    "fields": {
      "key": "9944b09199c62bcf9418ad846dd0e4bbdfc6ee4b",
      "user": 2,
      "created": "2024-01-01T00:00:00Z"
    }
  },
  {
    "model": "airport_app.company",
    "pk": 1,
    "fields": {
      "name": "Аэрофлот",
      "code": "AFL"
    }
  },
  {
    "model": "airport_app.company",
    "pk": 2,
    "fields": {
      "name": "S7 Airlines",
      "code": "S7"
    }
  },
  {
    "model": "airport_app.company",
    "pk": 3,
    "fields": {
      "name": "Победа",
      "code": "PBD"
    }
  },
  {
    "model": "airport_app.airport",
    "pk": 1,
    "fields": {
      "code": "SVO",
      "name": "Шереметьево",
      "city": "Москва"
    }
  },
  {
    "model": "airport_app.airport",
    "pk": 2,
    "fields": {
      "code": "DME",
      "name": "Домодедово",
      "city": "Москва"
    }
  },
  {
    "model": "airport_app.airport",
    "pk": 3,
    "fields": {
      "code": "LED",
      "name": "Пулково",
      "city": "Санкт-Петербург"
    }
  },
  {
    "model": "airport_app.airport",
    "pk": 4,
    "fields": {
      "code": "JFK",
      "name": "John F. Kennedy",
      "city": "Нью-Йорк"
    }
  },
  {
    "model": "airport_app.aircraft",
    "pk": 1,
    "fields": {
      "tail_number": "RA-73001",
      "aircraft_type": "Boeing 737-800",
      "capacity": 189,
      "speed": 850,
      "company": 1,
      "status": "active"
    }
  },
  {
    "model": "airport_app.aircraft",
    "pk": 2,
    "fields": {
      "tail_number": "RA-73002",
      "aircraft_type": "Boeing 737-800",
      "capacity": 189,
      "speed": 850,
      "company": 1,
      "status": "active"
    }
  },
  {
    "model": "airport_app.aircraft",
    "pk": 3,
    "fields": {
      "tail_number": "RA-73003",
      "aircraft_type": "Airbus A320",
      "capacity": 180,
      "speed": 870,
      "company": 1,
      "status": "repair"
    }
  },
  {
    "model": "airport_app.aircraft",
    "pk": 4,
    "fields": {
      "tail_number": "VQ-BQU",
      "aircraft_type": "Airbus A320neo",
      "capacity": 186,
      "speed": 890,
      "company": 2,
      "status": "active"
    }
  },
  {
    "model": "airport_app.aircraft",
    "pk": 5,
    "fields": {
      "tail_number": "RA-73004",
      "aircraft_type": "Boeing 777",
      "capacity": 402,
      "speed": 905,
      "company": 1,
      "status": "active"
    }
  },
  {
    "model": "airport_app.employee",
    "pk": 1,
    "fields": {
      "company": 1,
      "first_name": "Александр",
      "last_name": "Петров",
      "age": 45,
      "education": "Московский авиационный институт",
      "experience": 20,
      "passport": "4501 123456",
      "position": "captain",
      "is_active": true
    }
  },
  {
    "model": "airport_app.employee",
    "pk": 2,
    "fields": {
      "company": 1,
      "first_name": "Дмитрий",
      "last_name": "Сидоров",
      "age": 38,
      "education": "Санкт-Петербургский госуниверситет",
      "experience": 15,
      "passport": "4502 234567",
      "position": "copilot",
      "is_active": true
    }
  },
  {
    "model": "airport_app.employee",
    "pk": 3,
    "fields": {
      "company": 1,
      "first_name": "Сергей",
      "last_name": "Иванов",
      "age": 42,
      "education": "Московский государственный университет",
      "experience": 18,
      "passport": "4503 345678",
      "position": "navigator",
      "is_active": true
    }
  },
  {
    "model": "airport_app.employee",
    "pk": 4,
    "fields": {
      "company": 1,
      "first_name": "Мария",
      "last_name": "Смирнова",
      "age": 28,
      "education": "Колледж авиационного сервиса",
      "experience": 5,
      "passport": "4504 456789",
      "position": "steward",
      "is_active": true
    }
  },
  {
    "model": "airport_app.employee",
    "pk": 5,
    "fields": {
      "company": 1,
      "first_name": "Анна",
      "last_name": "Кузнецова",
      "age": 26,
      "education": "Колледж авиационного сервиса",
      "experience": 4,
      "passport": "4505 567890",
      "position": "steward",
      "is_active": true
    }
  },
  {
    "model": "airport_app.employee",
    "pk": 6,
    "fields": {
      "company": 2,
      "first_name": "Михаил",
      "last_name": "Васильев",
      "age": 48,
      "education": "Новосибирский авиационный технический колледж",
      "experience": 22,
      "passport": "5401 123456",
      "position": "captain",
      "is_active": true
    }
  },
  {
    "model": "airport_app.crew",
    "pk": 1,
    "fields": {
      "name": "Экипаж №1",
      "company": 1,
      "is_active": true,
      "created_at": "2024-01-15T08:00:00Z"
    }
  },
  {
    "model": "airport_app.crew",
    "pk": 2,
    "fields": {
      "name": "Экипаж №2",
      "company": 1,
      "is_active": true,
      "created_at": "2024-01-15T08:00:00Z"
    }
  },
  {
    "model": "airport_app.crew",
    "pk": 3,
    "fields": {
      "name": "Экипаж S7",
      "company": 2,
      "is_active": true,
      "created_at": "2024-01-15T08:00:00Z"
    }
  },
  {
    "model": "airport_app.crewmember",
    "pk": 1,
    "fields": {
      "crew": 1,
      "employee": 1,
      "is_approved": true
    }
  },
  {
    "model": "airport_app.crewmember",
    "pk": 2,
    "fields": {
      "crew": 1,
      "employee": 2,
      "is_approved": true
    }
  },
  {
    "model": "airport_app.crewmember",
    "pk": 3,
    "fields": {
      "crew": 1,
      "employee": 3,
      "is_approved": true
    }
  },
  {
    "model": "airport_app.crewmember",
    "pk": 4,
    "fields": {
      "crew": 1,
      "employee": 4,
      "is_approved": true
    }
  },
  {
    "model": "airport_app.crewmember",
    "pk": 5,
    "fields": {
      "crew": 1,
      "employee": 5,
      "is_approved": false
    }
  },
  {
    "model": "airport_app.crewmember",
    "pk": 6,
    "fields": {
      "crew": 2,
      "employee": 1,
      "is_approved": true
    }
  },
  {
    "model": "airport_app.crewmember",
    "pk": 7,
    "fields": {
      "crew": 3,
      "employee": 6,
      "is_approved": true
    }
  },
  {
    "model": "airport_app.flight",
    "pk": 1,
    "fields": {
      "flight_number": "SU-1001",
      "distance": 650,
      "departure_airport": 1,
      "arrival_airport": 3,
      "departure_datetime": "2024-02-01T08:00:00Z",
      "arrival_datetime": "2024-02-01T09:30:00Z",
      "aircraft": 1,
      "tickets_sold": 150,
      "crew": 1
    }
  },
  {
    "model": "airport_app.flight",
    "pk": 2,
    "fields": {
      "flight_number": "SU-1002",
      "distance": 650,
      "departure_airport": 3,
      "arrival_airport": 1,
      "departure_datetime": "2024-02-01T11:00:00Z",
      "arrival_datetime": "2024-02-01T12:30:00Z",
      "aircraft": 1,
      "tickets_sold": 120,
      "crew": 2
    }
  },
  {
    "model": "airport_app.flight",
    "pk": 3,
    "fields": {
      "flight_number": "SU-2001",
      "distance": 7500,
      "departure_airport": 1,
      "arrival_airport": 4,
      "departure_datetime": "2024-02-01T14:00:00Z",
      "arrival_datetime": "2024-02-01T20:00:00Z",
      "aircraft": 5,
      "tickets_sold": 350,
      "crew": 1
    }
  },
  {
    "model": "airport_app.flight",
    "pk": 4,
    "fields": {
      "flight_number": "SU-1003",
      "distance": 650,
      "departure_airport": 1,
      "arrival_airport": 3,
      "departure_datetime": "2024-02-02T08:00:00Z",
      "arrival_datetime": "2024-02-02T09:30:00Z",
      "aircraft": 2,
      "tickets_sold": 45,
      "crew": 2
    }
  },
  {
    "model": "airport_app.flight",
    "pk": 5,
    "fields": {
      "flight_number": "SU-1004",
      "distance": 650,
      "departure_airport": 3,
      "arrival_airport": 1,
      "departure_datetime": "2024-02-02T11:00:00Z",
      "arrival_datetime": "2024-02-02T12:30:00Z",
      "aircraft": 2,
      "tickets_sold": 50,
      "crew": 1
    }
  },
  {
    "model": "airport_app.flight",
    "pk": 6,
    "fields": {
      "flight_number": "S7-1501",
      "distance": 700,
      "departure_airport": 2,
      "arrival_airport": 3,
      "departure_datetime": "2024-02-01T10:00:00Z",
      "arrival_datetime": "2024-02-01T11:40:00Z",
      "aircraft": 4,
      "tickets_sold": 170,
      "crew": 3
    }
  },
  {
    "model": "airport_app.flight",
    "pk": 7,
    "fields": {
      "flight_number": "SU-1005",
      "distance": 650,
      "departure_airport": 1,
      "arrival_airport": 3,
      "departure_datetime": "2024-02-03T08:00:00Z",
      "arrival_datetime": "2024-02-03T09:30:00Z",
      "aircraft": 2,
      "tickets_sold": 160,
      "crew": 1
    }
  },
  {
    "model": "airport_app.flight",
    "pk": 8,
    "fields": {
      "flight_number": "SU-1006",
      "distance": 650,
      "departure_airport": 1,
      "arrival_airport": 3,
      "departure_datetime": "2024-02-04T08:00:00Z",
      "arrival_datetime": "2024-02-04T09:30:00Z",
      "aircraft": 2,
      "tickets_sold": 175,
      "crew": 2
    }
  },
  {
    "model": "airport_app.transitstop",
    "pk": 1,
    "fields": {
      "flight": 3,
      "airport": 2,
      "arrival_datetime": "2024-02-01T16:30:00Z",
      "departure_datetime": "2024-02-01T17:30:00Z"
    }
  }
]